电影名称,电影类型,出品国家,上映年份,上映月份,上映日期,电影时长,电影评分,打分人数,想看人数,累计票房,首日票房,首周票房
长津湖,"剧情,历史,战争",中国大陆,2021,9,30,176,9.5,2280000,1009000,577500,20500,152700
战狼2,"动作,战争",中国大陆,2017,7,27,123,9.7,4940000,413000,569400,10200,99600
你好，李焕英,喜剧,中国大陆,2021,2,12,128,9.5,3990000,1162000,541300,29100,104900
哪吒之魔童降世,动画,中国大陆,2019,7,26,110,9.6,4050000,172000,503500,14400,66500
流浪地球,"科幻,冒险,灾难",中国大陆,2019,2,5,125,9.2,2670000,252000,468700,19000,203100
满江红,"悬疑,喜剧,剧情",中国大陆,2023,1,22,159,9.4,1370000,1099000,454400,40500,40500
唐人街探案3,"喜剧,悬疑",中国大陆,2021,2,12,136,8.8,2360000,4469000,452299,101100,257900
复仇者联盟4：终局之战,"动作,科幻,奇幻,冒险",美国,2019,4,24,181,9.1,1980000,1850000,425000,53700,223200
长津湖之水门桥,"剧情,历史,战争",中国大陆,2022,2,1,149,9.6,1120000,1146000,406700,64100,253299
流浪地球2,"科幻,冒险,灾难",中国大陆,2023,1,22,173,9.3,970000,1215000,402900,47900,47900
孤注一掷,"犯罪,剧情",中国大陆,2023,8,8,130,9.1,630000,1140000,384799,18500,136900
红海行动,"剧情,动作",中国大陆,2018,2,16,138,9.4,2700000,165000,365200,12900,46500
消失的她,"悬疑,犯罪,剧情",中国大陆,2023,6,22,122,9.2,910000,323000,352299,15900,69800
唐人街探案2,"喜剧,动作,悬疑",中国大陆,2018,2,16,120,9,2510000,463000,339700,34000,99000
美人鱼,"喜剧,爱情,科幻",中国大陆,2016,2,8,93,9,3130000,614000,339099,27100,181900
我和我的祖国,剧情,中国大陆,2019,9,30,155,9.7,1460000,581000,317000,29000,208600
八佰,"剧情,战争,历史",中国大陆,2020,8,21,147,9.2,1830000,519000,311000,14100,63900
独行月球,"喜剧,科幻",中国大陆,2022,7,29,122,9.2,830000,822000,310300,23900,97500
我不是药神,"剧情,喜剧",中国大陆,2018,7,5,117,9.6,2750000,165000,310000,15900,123800
中国机长,"剧情,传记,灾难",中国大陆,2019,9,30,111,9.4,1930000,564000,291300,20900,176600
我和我的家乡,"剧情,喜剧",中国大陆,2020,10,1,153,9.1,1340000,445000,282900,27500,108000
速度与激情8,"动作,惊悚,犯罪",美国,2017,4,14,136,9.3,1870000,321000,267000,41700,135200
封神第一部,"神话,动作,史诗",中国大陆,2023,7,20,148,9.4,810000,397000,263400,4913,35700
这个杀手不太冷静,喜剧,中国大陆,2022,2,1,109,9.1,650000,556000,262700,21400,139000
西虹市首富,喜剧,中国大陆,2018,7,27,118,9.2,1750000,340000,254700,22700,90300
捉妖记,"喜剧,奇幻,古装",中国大陆,2015,7,16,117,9.1,2250000,205000,243600,16200,66800
速度与激情7,"动作,惊悚,犯罪",美国,2015,4,12,138,9.6,2120000,252000,242300,34500,39800
复仇者联盟3：无限战争,"动作,科幻,奇幻,冒险",美国,2018,5,11,149,9,1800000,1146000,239000,38700,127200
捉妖记2,"喜剧,奇幻",中国大陆,2018,2,16,110,8.2,1750000,669000,223700,54600,120399
羞羞的铁拳,"喜剧,奇幻",中国大陆,2017,9,30,100,9.1,1800000,284000,221300,13200,31000
疯狂的外星人,"剧情,喜剧,科幻",中国大陆,2019,2,5,116,8.5,1130000,460000,221300,41000,146100
八角笼中,剧情,中国大陆,2023,7,6,117,9.5,570000,452000,220700,6455,49800
海王,"动作,奇幻,冒险","美国,澳大利亚",2018,12,7,143,9.3,1280000,251000,201300,15600,65199
变形金刚4：绝迹重生,"动作,科幻,冒险","美国,中国大陆",2014,6,27,165,9.2,460000,114000,197600,17400,63099
前任3：再见前任,"喜剧,爱情",中国大陆,2017,12,29,119,9.1,1570000,250000,194100,6449,28300
毒液：致命守护者,"动作,惊悚,科幻",美国,2018,11,9,107,9.2,1320000,394000,187000,22300,76600
长安三万里,动画,中国大陆,2023,7,8,168,9.4,330000,336000,182399,8850,17900
功夫瑜伽,"动作,冒险,奇幻","中国大陆,印度",2017,1,28,108,8.4,1000000,90000,174800,13799,27100
飞驰人生,"喜剧,动作",中国大陆,2019,2,5,98,8.8,940000,382000,172800,32100,105300
阿凡达,"动作,科幻,冒险","美国,英国",2010,1,4,162,9.4,170000,37000,171500,171500,171500
人生大事,"剧情,家庭",中国大陆,2022,6,24,112,9.4,690000,429000,171200,4137,24100
烈火英雄,"灾难,动作,剧情",中国大陆,2019,8,1,120,9.4,1520000,164000,170600,12200,51700
阿凡达：水之道,"科幻,动作,冒险",美国,2022,12,16,192,9,310000,1451000,169800,12600,38000
侏罗纪世界2,"动作,冒险,科幻",美国,2018,6,15,128,8.6,1060000,621000,169500,20200,73400
寻龙诀,"动作,冒险,奇幻",中国大陆,2015,12,18,125,9.1,1660000,559000,167900,16100,59900
西游伏妖篇,"喜剧,动作,奇幻",中国大陆,2017,1,28,108,7.7,1000000,213000,165200,35400,58800
港,"喜剧,爱情,动作",中国大陆,2015,9,25,114,8.4,2050000,617000,161100,19900,68200
姜子牙,"动画,动作,冒险",中国大陆,2020,10,1,110,8.3,880000,1425000,160300,36100,103600
万里归途,"剧情,战争",中国大陆,2022,9,30,137,9.5,470000,320000,159300,5095,43300
少年的你,"爱情,青春,剧情",中国大陆,2019,10,25,135,9.4,1870000,1057000,155800,14900,58800
变形金刚5：最后的骑士,"动作,冒险,科幻",美国,2017,6,23,150,7.5,1010000,533000,155100,28900,87100
疯狂动物城,"动画,动作,冒险",美国,2016,3,4,109,9.5,1350000,73000,153100,2242,15500
熊出没・伴我“熊芯”,"动画,喜剧,科幻",中国大陆,2023,1,22,96,9.2,350000,431000,149500,13300,13300
我和我的父辈,剧情,中国大陆,2021,9,30,158,9.5,430000,299000,147700,6517,57800
魔兽,"动作,冒险,奇幻",美国,2016,6,8,123,9,1230000,480000,146800,25000,102800
复仇者联盟2：奥创纪元,"科幻,动作,冒险",美国,2015,5,12,141,8.6,1350000,321000,146100,18500,96400
夏洛特烦恼,"喜剧,爱情",中国大陆,2015,9,30,104,9.3,1580000,81000,144400,2317,25700
速度与激情：特别行动,"动作,惊悚,犯罪",美国,2019,8,23,134,8.7,770000,634000,143400,24900,71300
送你一朵小红花,"剧情,家庭",中国大陆,2020,12,31,128,9.2,1370000,708000,143200,23600,76100
芳华,"剧情,爱情,战争",中国大陆,2017,12,15,136,9,880000,163000,142200,7612,29400
侏罗纪世界,"动作,冒险,科幻",美国,2015,6,10,125,9.1,1470000,160000,141800,10000,60500
蜘蛛侠：英雄远征,"动作,冒险,科幻",美国,2019,6,28,127,9,820000,502000,141700,22500,67700
头号玩家,"动作,冒险,科幻",美国,2018,3,30,140,9,1010000,105000,139600,8569,39000
速度与激情9,"动作,犯罪,冒险",美国,2021,5,21,142,7.9,620000,1281000,139200,31700,87700
奇迹・笨小孩,剧情,中国大陆,2022,2,1,106,9.5,600000,678000,137900,18200,66800
泰坦尼克号,"剧情,爱情,灾难",美国,1998,4,3,194,9.6,40000,111000,136500,136500,136500
后来的我们,"剧情,爱情",中国大陆,2018,4,28,120,8.3,1440000,911000,136100,28500,56200
一出好戏,"剧情,喜剧",中国大陆,2018,8,10,134,8.2,1060000,412000,135500,15100,53400
坚如磐石,"剧情,犯罪,悬疑",中国大陆,2023,9,28,127,8.7,160000,479000,134900,5201,45100
误杀,"剧情,犯罪",中国大陆,2019,12,13,112,9.4,870000,55000,133300,4685,20299
怒火・重案,动作,"中国大陆,中国香港",2021,7,30,128,9.3,660000,406000,132900,5876,24000
中国医生,剧情,中国大陆,2021,7,9,129,9.3,670000,475000,132800,9390,34900
拆弹专家2,"动作,犯罪","中国大陆,中国香港",2020,12,24,121,9.2,560000,310000,131400,7902,42000
扫毒2天地对决,"剧情,动作,悬疑,犯罪","中国大陆,中国香港",2019,7,5,100,9,790000,321000,131200,13400,43800
摔跤吧！爸爸,"喜剧,动作,传记,剧情",印度,2017,5,5,140,9.8,1280000,27000,129900,1576,8684
无双,"动作,惊悚,犯罪","中国大陆,中国香港",2018,9,30,130,8.9,680000,125000,127300,5481,5482
人再逋局泰,"喜剧,冒险,爱情",中国大陆,2012,12,12,105,8.7,10000,23000,127000,3871,30800
西游・降魔篇,"喜剧,奇幻,冒险","中国大陆,中国香港",2013,2,10,110,8.4,10000,18000,124600,8300,8365
碟中谍6：全面瓦解,"动作,惊悚,冒险",美国,2018,8,31,148,9,580000,242000,124500,16800,53000
美国队长3,"动作,冒险,科幻",美国,2016,5,6,148,8.6,1040000,568000,124300,18000,62600
哥斯拉大战金刚,"动作,冒险,科幻",美国,2021,3,26,113,8.9,580000,507000,123200,13700,45900
寻梦环游记,"动作,动画,冒险",美国,2017,11,24,105,9.6,960000,28000,123000,1279,11800
西游记之孙悟空三打白骨精,"喜剧,动作,奇幻","中国大陆,中国香港",2016,2,8,120,7.7,660000,208000,119800,16600,76800
悬崖之上,"剧情,悬疑,动作",中国大陆,2021,4,30,120,9.1,440000,143000,119100,4688,25299
湄公河行动,"剧情,动作,犯罪",中国大陆,2016,9,30,124,9.3,1100000,58000,118600,3897,16500
人生路不熟,"喜剧,剧情",中国大陆,2023,4,28,100,9.2,310000,364000,118400,3416,21700
叶问4：完结篇,"动作,剧情,传记","中国大陆,中国香港",2019,12,20,107,9.3,680000,295000,118100,9752,32800
加勒比海盗5：死无对证,"喜剧,动作,奇幻",美国,2017,5,26,129,8.9,820000,519000,118000,13300,46800
长城,"剧情,冒险,奇幻","中国大陆,美国",2016,12,16,104,8.4,900000,242000,117300,12300,47100
心花路放,"爱情,喜剧",中国大陆,2014,9,30,118,9,580000,75000,116900,10300,61200
煎饼侠,喜剧,中国大陆,2015,7,17,113,8.5,1220000,175000,116000,13200,43000
金刚：骷髅岛,"动作,冒险,奇幻",美国,2017,3,24,118,8.3,730000,85000,115800,15000,50100
大黄蜂,"动作,冒险,科幻",美国,2019,1,4,114,9.1,700000,170000,114900,11100,40500
金刚川,"战争,剧情,历史",中国大陆,2020,10,23,122,9.4,600000,125000,112700,10400,35800
极限特工：终极回归,"动作,惊悚,冒险",美国,2017,2,10,107,8.7,690000,132000,112500,14300,43400
误杀2,"剧情,犯罪,家庭",中国大陆,2021,12,17,118,9,430000,440000,112100,9251,34700
澳门风云3,"喜剧,动作",中国大陆,2016,2,8,112,6.9,1010000,528000,111600,17600,79100
生化危机：终章,"动作,惊悚,科幻",德国,2017,2,24,99,8.5,780000,251000,110900,21300,65400
攀登者,"剧情,冒险",中国大陆,2019,9,30,125,9.4,750000,560000,110399,16800,73000
变形金刚3,"动作,科幻",美国,2011,7,21,154,8.6,3444,539,107000,8471,41200
侏罗纪世界3,"动作,冒险,科幻",美国,2022,6,10,147,8,300000,433000,105900,9523,35500
巨齿鲨,"动作,冒险,科幻",美国,2018,8,10,113,8.7,710000,410000,105300,10600,34700
乘风破浪,"剧情,喜剧,冒险",中国大陆,2017,1,28,102,8.7,700000,50000,104600,6773,12900
西游记之大闹天宫,"动作,奇幻","中国大陆,中国香港",2014,1,31,119,5.2,40000,25000,104400,12800,32100
神偷奶爸3,"喜剧,动画,冒险",美国,2017,7,7,90,8.8,720000,251000,103699,13700,44400
刺杀小说家,"奇幻,动作,冒险",中国大陆,2021,2,12,130,8.6,440000,501000,103500,13700,31400
惊奇队长,"动作,冒险,科幻",美国,2019,3,8,123,8.7,480000,433000,103500,21500,59800
前任4：英年早婚,"爱情,喜剧",中国大陆,2023,9,28,129,8.7,180000,1872000,101100,9129,39100
狂暴巨兽,"动作,冒险,科幻",美国,2018,4,13,108,8.9,910000,161000,100300,9459,35000
盗墓笔记,"惊悚,悬疑,奇幻",中国大陆,2016,8,5,123,8,810000,516000,100300,16100,47800
功夫熊猫3,动画,"美国,中国大陆",2016,1,29,95,9,780000,337000,100000,10700,33900
速度与激情10,动作,美国,2023,5,17,141,8.8,230000,817000,98400,10400,54300
熊出没・重返地球,"动画,剧情,科幻",中国大陆,2022,2,1,99,9.4,310000,361000,97700,10500,56200
奇幻森林,"剧情,冒险,奇幻",美国,2016,4,15,106,8.9,790000,123000,97600,7812,31800
澳门风云2,"喜剧,动作",中国大陆,2015,2,19,110,8.7,740000,53000,97200,6455,27300
比悲伤更悲伤的故事,"剧情,爱情",中国台湾,2019,3,14,105,8.1,750000,62000,95800,1982,33300
西游记之大圣归来,动画,中国大陆,2015,7,10,89,9.3,1110000,54000,95399,1797,8653
哥斯拉2：怪兽之王,"科幻,灾难,动作",美国,2019,5,31,132,8.5,520000,325000,93699,13500,46800
穿过寒冬拥抱你,"剧情,爱情",中国大陆,2021,12,31,124,9.5,360000,638000,93600,26700,53200
无名,"谍战,悬疑,动作,剧情",中国大陆,2023,1,22,128,9,430000,592000,93100,13700,13700
扬名立万,"悬疑,喜剧,剧情",中国大陆,2021,11,11,123,9.1,440000,197000,92600,1177,13899
深海,"奇幻,动画",中国大陆,2023,1,22,112,9,570000,430000,91900,7314,7314
热烈,"青春,运动,喜剧",中国大陆,2023,7,28,124,9.4,380000,639000,91300,7560,28000
超时空同居,"喜剧,爱情,奇幻",中国大陆,2018,5,18,101,8.7,710000,132000,90300,5012,23500
老炮儿,"剧情,动作",中国大陆,2015,12,24,137,9.1,870000,199000,90100,5500,25299
阿丽塔：战斗天使,"动作,冒险,科幻",美国,2019,2,22,122,9,470000,172000,89600,12600,43600
绝地逃亡,"喜剧,动作",中国大陆,2016,7,21,104,8.5,660000,276000,88699,9827,40599
智取威虎山,战争,"中国大陆,中国香港",2014,12,23,141,9.2,780000,41000,88300,1707,32000
银河补习班,"剧情,家庭",中国大陆,2019,7,18,147,9.4,880000,222000,87800,6471,35700
星际穿越,"剧情,科幻,冒险",美国,2014,11,12,169,9.3,480000,111000,87600,3340,26800
碟中谍5：神秘国度,"动作,惊悚,冒险",美国,2015,9,8,132,9,870000,406000,86800,10700,55100
温暖的抱抱,喜剧,中国大陆,2020,12,31,112,8.5,500000,330000,86400,19400,52300
冰雪奇缘2,"喜剧,动画,冒险",美国,2019,11,22,104,8.9,440000,204000,86000,7407,37500
我的姐姐,"剧情,家庭",中国大陆,2021,4,2,127,8.8,590000,483000,86000,6239,34900
巨齿鲨2：深渊,"冒险,动作,科幻","中国大陆,美国",2023,8,4,119,8.9,150000,677000,85100,14500,38000
长空之王,"剧情,动作",中国大陆,2023,4,28,128,9.5,320000,561000,85000,7516,27799
夺冠,剧情,"中国大陆,中国香港",2020,9,25,135,8.9,300000,515000,83600,5532,16900
狮子王,"剧情,动画,冒险",美国,2019,7,12,118,8.8,390000,192000,83300,9699,37500
蚁人2：黄蜂女现身,"动作,冒险,科幻",美国,2018,8,24,119,8.8,470000,319000,83100,15400,46400
志愿军：雄兵出击,"剧情,历史,战争",中国大陆,2023,9,28,140,9.6,140000,334000,82800,2705,25000
星球大战：原力觉醒,"冒险,科幻,奇幻",美国,2016,1,9,136,8.2,770000,291000,82400,19600,34700
唐人街探案,"喜剧,动作,悬疑",中国大陆,2015,12,31,135,9,1380000,143000,82300,9186,39700
从你的全世界路过,"喜剧,爱情",中国大陆,2016,9,29,113,8.6,930000,240000,81300,7409,31100
铃芽之旅,"爱情,动画,奇幻",日本,2023,3,24,122,9,680000,830000,80700,9496,34200
X战警：天启,"动作,科幻,奇幻",美国,2016,6,3,144,8.9,710000,560000,80000,11100,38500
反贪风暴4,"剧情,动作,犯罪",中国大陆,2019,4,4,98,9,450000,161000,79900,7968,35400
无名之辈,"剧情,喜剧,犯罪",中国大陆,2018,11,16,108,9,500000,16000,79400,919,6706
北京遇上西雅图之不二情书,"剧情,爱情",中国大陆,2016,4,29,129,8.5,590000,307000,78500,11000,35500
蜘蛛侠：英雄归来,"动作,冒险,科幻",美国,2017,9,8,138,8.2,580000,483000,77400,13400,46200
叶问3,"动作,历史,传记",中国大陆,2016,3,4,110,8.4,460000,236000,76900,14000,44200
人潮汹涌,"剧情,喜剧,爱情",中国大陆,2021,2,12,119,9,370000,247000,76200,4321,7854
霍比特人3：五军之战,"动作,冒险,奇幻","美国,新西兰",2015,1,23,145,9.1,650000,92000,76100,9009,31200
大闹天竺,"喜剧,动作,冒险",中国大陆,2017,1,28,100,7.4,750000,242000,75600,18700,31100
钢铁侠3,"动作,科幻,冒险","美国,中国大陆",2013,5,1,134,9,10000,20000,75400,10900,40400
无问西东,"爱情,战争",中国大陆,2018,1,12,138,8.6,540000,57000,75400,3552,13799
奇异博士,"动作,冒险,奇幻",美国,2016,11,4,115,8.9,570000,205000,75000,8150,29900
神秘巨星,"剧情,喜剧,音乐",印度,2018,1,19,150,9.3,660000,47000,74700,4366,17500
雷神3：诸神黄昏,"动作,冒险,奇幻",美国,2017,11,3,130,8.9,510000,218000,74300,10500,36200
天将雄师,"动作,战争,古装","中国大陆,中国香港",2015,2,19,125,8.3,940000,70000,74200,12000,34600
猩球崛起3：终极之战,"剧情,动作,科幻",美国,2017,9,15,142,8.2,530000,414000,74000,12300,40300
金刚狼3：殊死一战,"动作,冒险,科幻",美国,2017,3,3,137,8.6,490000,86000,73000,10300,34100
西游记女儿国,"喜剧,爱情,动作",中国大陆,2018,2,16,116,7.9,610000,370000,72700,16400,33100
X战警：逆转未来,"剧情,动作,科幻,冒险","美国,英国",2014,5,23,131,9,100000,38000,72200,6608,24500
终结者：创世纪,"动作,冒险,科幻",美国,2015,8,23,127,8.9,700000,381000,72200,15300,16700
致我们终将逝去的青春,"爱情,青春",中国大陆,2013,4,26,132,8.3,10000,21000,71900,4778,14500
美国队长2,"动作,科幻,冒险",美国,2014,4,4,136,9.2,90000,22000,71800,5956,24400
熊出没・原始时代,"喜剧,动画,冒险",中国大陆,2019,2,5,92,9.1,410000,92000,71700,7407,42400
私人订制,喜剧,中国大陆,2013,12,19,118,7.4,30000,17000,71300,7149,32400
神探大战,"犯罪,动作,悬疑","中国大陆,中国香港",2022,7,8,101,9,250000,152000,71200,3538,15100
猩球崛起2：黎明之战,"动作,剧情,科幻",美国,2014,8,29,130,9,210000,78000,70700,8897,28800
使徒行者2：谍影行动,"悬疑,动作,犯罪",中国大陆,2019,8,7,98,9,460000,368000,70200,17400,43200
画皮2,爱情,"中国大陆,中国香港",2012,6,28,131,7.4,2349,168,70200,6715,28300
保你平安,"剧情,喜剧",中国大陆,2023,3,10,112,9.3,170000,268000,70000,2427,11600
狼图腾,"剧情,冒险",中国大陆,2015,2,19,116,8.3,480000,49000,70000,3330,14800
铁道飞虎,"剧情,喜剧,动作",中国大陆,2016,12,23,123,8.5,350000,58000,69900,5276,21700
悟空传,"剧情,动作,奇幻",中国大陆,2017,7,13,123,7.7,500000,339000,69600,10700,40100
爸爸去哪儿,"喜剧,冒险,家庭",中国大陆,2014,1,31,95,8.4,40000,16000,69600,9431,25600
环太平洋,"动作,科幻,冒险",美国,2013,7,31,132,8.7,10000,11000,69500,5407,28500
正义联盟,"动作,冒险,科幻",美国,2017,11,17,120,8.6,460000,176000,69000,10000,34500
银河护卫队2,"动作,冒险,科幻",美国,2017,5,5,136,9.1,480000,155000,68600,9860,34200
宠爱,"喜剧,爱情,剧情",中国大陆,2019,12,31,108,8.9,460000,295000,68300,17200,43600
九层妖塔,"剧情,动作,冒险",中国大陆,2015,9,30,117,5.7,440000,268000,68100,9135,42200
明日战记,"动作,科幻,冒险","中国大陆,中国香港",2022,8,5,99,9.1,390000,372000,67900,4137,20200
寒战2,"剧情,动作,犯罪",中国大陆,2016,7,8,110,8.6,470000,180000,67600,9576,29800
碟中谍4,"动作,谍战","美国,阿联酋,捷克,俄罗斯,印度,加拿大",2012,1,28,133,8.8,2229,49,67200,5458,10200
蚁人,"动作,冒险,科幻",美国,2015,10,16,117,8.9,670000,266000,67000,7588,27100
摩天营救,"动作,惊悚,冒险",美国,2018,7,20,102,9.1,510000,118000,66900,9067,32900
分手大师,"喜剧,爱情",中国大陆,2014,6,27,116,8.4,170000,46000,66500,3960,15300
莫斯科行动,"剧情,犯罪,动作",中国大陆,2023,9,29,128,9.1,100000,281000,66200,5230,16700
黑豹,"剧情,动作,科幻",美国,2018,3,9,134,8.4,530000,283000,66200,13100,42200
灌篮高手,"动画,青春,热血",日本,2023,4,20,124,9.2,230000,1155000,66000,9423,38100
情圣,"喜剧,爱情",中国大陆,2016,12,30,116,8.6,580000,38000,65700,3409,17200
变形金刚：超能勇士崛起,"动作,科幻,冒险",美国,2023,6,9,128,9,160000,622000,65500,7572,27599
唐山大地震,灾难,"中国大陆,中国香港",2010,7,22,136,8.3,1568,60,64900,64900,64900
恶棍天使,"喜剧,爱情",中国大陆,2015,12,24,124,8,1010000,512000,64800,15200,50800
来电狂响,"剧情,喜剧",中国大陆,2018,12,28,103,8.6,430000,70000,64100,1792,16900
大侦探皮卡丘,"冒险,奇幻,喜剧",美国,2019,5,10,104,8.6,330000,281000,64000,7642,27799
惊天魔盗团2,"喜剧,动作,惊悚",美国,2016,6,24,126,8.5,550000,514000,63700,8854,28700
让子弹飞,"剧情,喜剧,动作,西部","中国大陆,中国香港",2010,12,16,132,8.5,4201,56,63600,63600,63600
环太平洋：雷霆再起,"动作,冒险,科幻",美国,2018,3,23,111,8.1,510000,338000,63300,13600,41100
影,"剧情,动作,古装",中国大陆,2018,9,30,116,8.1,440000,236000,62800,6615,6623
反贪风暴5：最终章,"犯罪,动作","中国大陆,中国香港",2021,12,31,95,8.4,210000,853000,62800,14400,33000
后会无期,"喜剧,爱情,冒险",中国大陆,2014,7,24,106,8.3,250000,71000,62800,7237,29600
末日崩塌,"动作,冒险,灾难",美国,2015,6,2,115,9.1,670000,65000,62800,3406,31800
新喜剧之王,"剧情,喜剧",中国大陆,2019,2,5,91,8,550000,333000,62699,27300,53600
新木乃伊,"动作,冒险,奇幻",美国,2017,6,9,106,7.1,450000,123000,62500,12000,35900
蝙蝠侠大战超人：正义黎明,"动作,科幻,奇幻",美国,2016,3,25,151,8,420000,342000,61800,12000,37200
学爸,"剧情,喜剧",中国大陆,2023,8,18,118,9.3,70000,298000,61400,4693,16900
失控玩家,"动作,冒险","美国,加拿大",2021,8,27,114,8.9,190000,98000,61200,3330,15400
功夫熊猫2,动画,美国,2011,5,28,91,8.6,2246,62,61100,5344,11500
神奇女侠,"动作,冒险,奇幻",美国,2017,6,2,142,8.6,430000,123000,61000,7401,26300
狙击手,"剧情,战争,历史",中国大陆,2022,2,1,96,9.5,150000,155000,60800,4826,26300
一条狗的使命,"剧情,喜剧",美国,2017,3,3,101,8.9,470000,44000,60700,2449,11900
狄仁杰之四大天王,"动作,悬疑,奇幻,武侠,古装",中国大陆,2018,7,27,132,8.1,390000,358000,60599,11000,29600
银河护卫队3,"动作,科幻,冒险",美国,2023,5,5,150,9.2,130000,311000,60599,4159,19000
熊出没・变形记,"动画,喜剧,冒险",中国大陆,2018,2,16,90,9.1,450000,113000,60500,7612,20800
使徒行者,"动作,犯罪",中国大陆,2016,8,11,109,8.8,660000,165000,60500,5700,24000
李茶的姑妈,喜剧,中国大陆,2018,9,30,113,7.9,450000,164000,60400,10600,10600
狄仁杰之神都龙王,"动作,悬疑,古装","中国大陆,中国香港",2013,9,28,134,8.3,10000,8022,60000,5523,9488
银河护卫队,"动作,科幻,冒险",美国,2014,10,10,121,9.2,200000,52000,59600,4608,19200
熊出没・狂野大陆,"喜剧,科幻,动画",中国大陆,2021,2,12,99,8.9,250000,390000,59500,7268,21300
金陵十三钗,"剧情,战争,历史",中国大陆,2011,12,15,145,8.3,2138,82,59200,1740,14300
神奇动物在哪里,"冒险,奇幻,家庭",美国,2016,11,25,133,8.9,410000,131000,59000,7484,28300
美女与野兽,"爱情,歌舞,奇幻",美国,2017,3,17,129,8.2,350000,94000,59000,8372,31000
匆匆那年,"校园,爱情",中国大陆,2014,12,5,120,8,380000,74000,58800,5986,20600
火星救援,"动作,冒险,科幻",美国,2015,11,25,130,9,560000,131000,58500,5239,30900
超凡蜘蛛侠2,"动作,冒险,科幻",美国,2014,5,4,142,9,70000,31000,58500,5736,6146
2012,动作,"美国,加拿大",2009,11,13,158,8.3,3641,5049,58400,58400,58400
邪不压正,"剧情,喜剧,动作",中国大陆,2018,7,13,137,7.7,440000,216000,58300,12200,31500
白蛇2：青蛇劫起,"冒险,奇幻,动画",中国大陆,2021,7,23,131,9,320000,339000,58000,5989,19300
追龙,"动作,犯罪",中国大陆,2017,9,30,128,9,430000,42000,57699,4051,9520
你的名字。,"爱情,动画,奇幻",日本,2016,12,2,106,9.2,750000,277000,57500,7632,28600
大鱼海棠,动画,中国大陆,2016,7,8,105,8.4,640000,230000,57300,7200,22700
少年派的奇幻漂流,"剧情,奇幻,冒险","美国,中国台湾,英国,加拿大",2012,11,22,127,9,8164,6102,57200,1129,10200
复仇者联盟,"动作,科幻,奇幻,冒险",美国,2012,5,5,142,8.8,9497,399,56800,6348,11900
拯救嫌疑人,"悬疑,犯罪,剧情",中国大陆,2023,11,1,119,9.3,110000,325000,56700,1703,17800
杀破狼2,"剧情,动作,犯罪",中国大陆,2015,6,18,120,9,720000,81000,55900,6491,26600
新神榜：杨戬,"动画,冒险,动作",中国大陆,2022,8,19,127,8.8,190000,184000,55500,3665,13400
爱情公寓,"喜剧,爱情",中国大陆,2018,8,10,116,6.8,1290000,1544000,55500,30299,49100
哥，你好,"喜剧,剧情",中国大陆,2022,9,9,111,9.1,150000,437000,54700,3164,14600
战狼,"动作,战争",中国大陆,2015,4,2,96,9.3,630000,67000,54400,3723,20800
四海,"剧情,爱情,喜剧",中国大陆,2022,2,1,128,8.6,180000,610000,54200,22700,47400
007：幽灵党,"动作,惊悚,冒险",美国,2015,11,13,150,8,620000,268000,54100,9098,30700
中国合伙人,"剧情,青春","中国大陆,中国香港",2013,5,17,112,8.9,10000,15000,54000,2465,10700
龙门飞甲,"动作,古装,武侠","中国大陆,中国香港",2011,12,15,120,7.7,1877,143,53900,1990,13400
英伦对决,"剧情,动作,犯罪",中国大陆,2017,9,30,116,8.4,270000,115000,53900,7264,14700
除暴,"犯罪,剧情,动作","中国香港,中国大陆",2020,11,20,95,8.6,210000,77000,53800,5137,19700
三生三世十里桃花,"爱情,奇幻,古装",中国大陆,2017,8,3,109,7.1,700000,811000,53500,16900,42800
警察故事2013,"剧情,动作","中国大陆,中国香港",2013,12,24,108,8,20000,15000,53400,6845,28100
妖猫传,"爱情,奇幻",中国大陆,2017,12,22,129,7.5,340000,219000,53000,7425,24300
哆啦A梦：伴我同行,"剧情,喜剧,动画",日本,2015,5,28,95,9,610000,123000,52900,2704,23800
超能陆战队,"动画,喜剧,动作",美国,2015,2,28,102,9.5,590000,41000,52600,3742,8544
澳门风云,"喜剧,动作","中国大陆,中国香港",2014,1,31,93,8.6,30000,11000,52400,2610,7321
杀破狼・贪狼,"悬疑,动作,犯罪","中国大陆,中国香港",2017,8,17,101,8.5,400000,185000,52200,6323,28000
熊出没・奇幻空间,"动画,冒险,科幻",中国大陆,2017,1,28,91,9.1,390000,30000,52100,5195,10100
小时代3：刺金时代,爱情,"中国大陆,中国台湾",2014,7,17,124,7.6,190000,72000,52000,10700,31500
北京遇上西雅图,"喜剧,爱情","中国大陆,中国香港",2013,3,21,123,8.8,10000,11000,52000,1011,7735
一步之遥,剧情,"中国大陆,美国,中国香港",2014,12,18,140,5.3,230000,76000,51300,8159,34300
愤怒的小鸟,"喜剧,动画,动作",芬兰,2016,5,20,97,8.7,460000,123000,51200,5350,19700
滚蛋吧！肿瘤君,"剧情,喜剧,爱情",中国大陆,2015,8,13,128,9,610000,99000,51000,4046,18500
动物世界,"动作,悬疑,冒险",中国大陆,2018,6,29,132,8.5,550000,194000,50900,7631,23300
我在时间尽头等你,"爱情,奇幻,喜剧",中国大陆,2020,8,25,115,8.1,550000,643000,50500,27799,42000
1921,"剧情,历史",中国大陆,2021,7,1,137,9.4,250000,426000,50400,8167,22000
黑衣人3,"动作,喜剧,科幻",美国,2012,5,25,106,8.3,1577,170,50300,4043,14900
独立日：卷土重来,"动作,冒险,科幻",美国,2016,6,24,100,8.4,370000,165000,50199,7145,23900
古墓丽影：源起之战,"悬疑,动作,惊悚",美国,2018,3,16,118,8.3,330000,154000,49700,7677,26200
盗梦空间,"动作,悬疑,惊悚,科幻","美国,英国",2010,9,1,148,9,20000,26000,49600,49600,49600
勇敢者游戏：决战丛林,"动作,冒险",美国,2018,1,12,119,8.6,320000,101000,49100,7442,25800
千与千寻,"动画,冒险,奇幻,家庭",日本,2019,6,21,125,9.3,350000,247000,48800,5460,19200
紧急救援,"剧情,灾难,动作",中国大陆,2020,12,18,134,9.2,200000,652000,48500,6982,23500
小时代4：灵魂尽头,"喜剧,爱情",中国大陆,2015,7,9,116,8.3,590000,259000,48400,10600,36400
左耳,爱情,中国大陆,2015,4,24,117,7.9,560000,82000,48400,5514,19700
小时代,"青春,剧情,爱情","中国大陆,中国台湾",2013,6,27,116,7.6,10000,21000,48400,7323,26800
王牌特工：特工学院,"喜剧,动作,冒险",英国,2015,3,27,129,9.2,480000,26000,48300,3524,15400
我不是潘金莲,"剧情,喜剧",中国大陆,2016,11,18,138,7.8,350000,186000,48200,7027,20500
摆渡人,"喜剧,爱情",中国大陆,2016,12,23,140,7.8,360000,203000,48200,7942,28000
哥斯拉,科幻,"美国,日本",2014,6,13,123,8.3,90000,32000,48099,6583,23100
厉害了，我的国,纪录片,中国大陆,2018,3,2,87,9.6,120000,12000,48000,3827,9299
绿皮书,"剧情,喜剧,传记",美国,2019,3,1,130,9.5,250000,41000,47800,2537,11500
星球大战外传：侠盗一号,"动作,冒险,科幻",美国,2017,1,6,133,8,260000,100000,47699,7166,22400
王牌特工2：黄金圈,"动作,冒险,喜剧",英国,2017,10,20,141,8.7,320000,244000,47400,7831,26300
非诚勿扰2,"喜剧,爱情",中国大陆,2010,12,22,122,7.5,1074,52,47100,47100,47100
白蛇：缘起,"爱情,动画,奇幻",中国大陆,2019,1,11,99,9.3,470000,71000,46800,1028,4231
加勒比海盗4：惊涛怪浪,"动作,奇幻,冒险",美国,2011,5,20,136,7.3,1901,62,46400,4657,15100
霍比特人2：史矛革之战,"剧情,动作,冒险,奇幻","美国,新西兰",2014,2,21,161,9.1,30000,20000,46200,5600,20299
李茂扮太子,喜剧,中国大陆,2022,1,1,100,8.3,160000,245000,46200,10200,17700
缝纫机乐队,"剧情,喜剧,音乐",中国大陆,2017,9,29,117,9.2,530000,57000,45900,3776,7514
新神榜：哪吒重生,"动作,奇幻,动画",中国大陆,2021,2,12,116,8.8,180000,267000,45599,5132,13300
信条,"科幻,动作,剧情",美国,2020,9,4,151,8.3,150000,61000,45599,5706,20500
同桌的你,"剧情,爱情,青春",中国大陆,2014,4,25,98,8.5,70000,24000,45500,2563,10900
涉过愤怒的海,"剧情,犯罪,悬疑",中国大陆,2023,11,25,144,9.1,70000,376000,45800,10300,17500
敢死队3,"动作,冒险,惊悚","美国,法国",2014,9,1,126,9.2,160000,70000,45199,4245,25800
晴雅集,"奇幻,爱情,剧情",中国大陆,2020,12,25,132,8.5,480000,254000,45100,9520,25299
奥本海默,"剧情,传记,历史",美国,2023,8,30,181,9.3,90000,349000,45000,3582,22100
